X test,Output,timestamp
I love,"('</s>', 1)",2022-04-01 23:37:28.325453
I love you,"('</s>', 1)",2022-04-01 23:37:54.786253
I love,"('</s>', 1)",2022-04-01 23:39:04.320073
'i love','(''</s>'', 1)','2022-04-02 01:39:34.819921'
'company I','(''Am'', 0.5)','2022-04-02 01:40:15.634103'
'girls are ','(''</s>'', 1)','2022-04-02 01:40:44.003358'
'I love','(''the'', 0.10638297872340426)','2022-04-02 01:41:03.973010'
'girls want','(''to'', 0.5)','2022-04-02 01:42:38.585753'
'my name','(''is'', 0.1111111111111111)','2022-04-02 01:43:00.351563'
'boys are ','(''</s>'', 1)','2022-04-02 01:43:21.706798'
'boys are','(''trafficked'', 0.07407407407407407)','2022-04-02 01:43:50.315586'
'boys want','(''to'', 1.0)','2022-04-02 02:12:01.317156'
'marriage is','(''a'', 0.15346534653465346)','2022-04-02 02:12:25.286091'
'My dear','(''</s>'', 1)','2022-04-02 02:19:51.755017'
'I love','(''the'', 0.10638297872340426)','2022-04-02 02:20:15.508557'
'because of','(''the'', 0.3103513411409142)','2022-04-02 02:20:48.169126'
'On top','(''of'', 0.9491525423728814)','2022-04-02 02:21:11.210818'
